Floris Dewane,91503081M,1997
Gustav Walshaw,53186602L,1996
Leslie Loy,90930924O,1997
Drake Frostdyke,22805347L,1992
Elsi Patrickson,46239291W,2005
Perry Okenfold,98694103Q,1996
Cecily Overel,44891884Z,1984
Hermione Audsley,84594547E,2012
Moreen Domek,11614221M,2005
Sibylle Gauler,91563924Y,2006
Any Hinckesman,68321376S,2007
Etty Boate,35806450J,1993
Eben Faragher,04836999J,1990
Kimbell Pearcehouse,59933746M,1989
Clio Curteis,95625105Q,2010
Ange Reskelly,48037599I,2003
Gloriana Spitaro,30258178B,2006
Elizabet Carrington,78946933O,1990
Inge Agneau,40268334V,2003
Mellisa Summerlie,60503825A,2011
